{"ShapeKeyAnimations": {"Timeline": {"Framerate": 24, "Frames": [[0.0, 0.0, 0.0], [0.004163328558206558, 0.0016443764325231314, 0.0], [0.016742510721087456, 0.006612734869122505, 0.0], [0.0377962552011013, 0.014928264543414116, 0.0], [0.06725922971963882, 0.026565158739686012, 0.0], [0.10491034388542175, 0.041436098515987396, 0.0], [0.15034142136573792, 0.05937986820936203, 0.0], [0.20292995870113373, 0.08015058934688568, 0.0], [0.261821448802948, 0.1034107655286789, 0.0], [0.3259264826774597, 0.12873011827468872, 0.0], [0.3939383327960968, 0.15559253096580505, 0.0], [0.464372456073761, 0.18341168761253357, 0.0], [0.5356276035308838, 0.21155507862567902, 0.0], [0.6060616970062256, 0.23937426507472992, 0.0], [0.6740736365318298, 0.26623666286468506, 0.0], [0.7381786704063416, 0.29155606031417847, 0.0], [0.7970700860023499, 0.3148162364959717, 0.0], [0.8496585488319397, 0.33558687567710876, 0.0], [0.8950896263122559, 0.3535306453704834, 0.0], [0.9327408075332642, 0.3684016168117523, 0.0], [0.962203860282898, 0.3800385594367981, 0.0], [0.9832576513290405, 0.3883540630340576, 0.0], [0.995836615562439, 0.3933224081993103, 0.0], [1.0, 0.3949667811393738, 0.0], [0.9972922801971436, 0.39345696568489075, 0.0024422239512205124], [0.9891124963760376, 0.3888958692550659, 0.009820129722356796], [0.9754194617271423, 0.3812606632709503, 0.022170688956975937], [0.9562448263168335, 0.3705689311027527, 0.03946542739868164], [0.9317108392715454, 0.3568887710571289, 0.06159411743283272], [0.9020485281944275, 0.3403490483760834, 0.088348388671875], [0.8676139116287231, 0.3211482763290405, 0.11940708011388779], [0.8288999199867249, 0.29956135153770447, 0.15432560443878174], [0.7865405082702637, 0.2759416997432709, 0.19253213703632355], [0.7413045763969421, 0.2507181763648987, 0.23333312571048737], [0.6940780878067017, 0.22438469529151917, 0.2759295105934143], [0.6458333134651184, 0.1974833905696869, 0.3194444477558136], [0.5975885391235352, 0.1705821007490158, 0.3629593253135681], [0.5503620505332947, 0.1442485898733139, 0.40555575489997864], [0.5051262378692627, 0.1190250962972641, 0.44635671377182007], [0.4627667963504791, 0.0954054743051529, 0.48456326127052307], [0.42405271530151367, 0.07381853461265564, 0.5194817781448364], [0.3896181583404541, 0.05461776256561279, 0.5505405068397522], [0.35995572805404663, 0.03807803988456726, 0.5772947072982788], [0.3354218006134033, 0.02439787983894348, 0.5994234681129456], [0.3162471652030945, 0.01370614767074585, 0.6167181730270386], [0.3025541305541992, 0.006070911884307861, 0.6290687322616577], [0.29437434673309326, 0.00150984525680542, 0.6364465951919556], [0.2916666567325592, 0.0, 0.6388888955116272], [0.29299396276474, 0.0026545911096036434, 0.6364466547966003], [0.2970036566257477, 0.010674052871763706, 0.6290687322616577], [0.30371594429016113, 0.02409857138991356, 0.6167182326316833], [0.31311526894569397, 0.04289720207452774, 0.5994234681129456], [0.3251417279243469, 0.06695012003183365, 0.5772947669029236], [0.33968207240104675, 0.09603085368871689, 0.5505405068397522], [0.3565618097782135, 0.1297902911901474, 0.5194818377494812], [0.37553924322128296, 0.1677452176809311, 0.48456329107284546], [0.3963036835193634, 0.2092740535736084, 0.44635674357414246], [0.4184781312942505, 0.25362294912338257, 0.405555784702301], [0.4416283369064331, 0.2999234199523926, 0.3629593849182129], [0.4652777314186096, 0.3472222089767456, 0.3194444477558136], [0.48892712593078613, 0.39452099800109863, 0.2759295701980591], [0.5120773315429688, 0.44082149863243103, 0.23333314061164856], [0.5342518091201782, 0.4851703941822052, 0.19253218173980713], [0.5550162196159363, 0.5266991853713989, 0.15432563424110413], [0.5739938020706177, 0.5646542310714722, 0.11940711736679077], [0.5908734798431396, 0.5984135270118713, 0.088348388671875], [0.6054137349128723, 0.6274943351745605, 0.06159418821334839], [0.6174403429031372, 0.6515472531318665, 0.03946542739868164], [0.6268395185470581, 0.6703458428382874, 0.022170722484588623], [0.6335518956184387, 0.6837702989578247, 0.009820103645324707], [0.637561559677124, 0.6917898654937744, 0.0024423599243164062], [0.6388888359069824, 0.6944444179534912, 0.0], [0.6364465951919556, 0.6925285458564758, 0.001539663877338171], [0.6290686726570129, 0.6867206692695618, 0.006190954707562923], [0.6167181134223938, 0.6769576072692871, 0.01397718209773302], [0.5994234085083008, 0.6632214784622192, 0.024880390614271164], [0.577294647693634, 0.6455525159835815, 0.03883109241724014], [0.5505403876304626, 0.6240618228912354, 0.05569791793823242], [0.5194817781448364, 0.5989435911178589, 0.0752783864736557], [0.4845632314682007, 0.5704845786094666, 0.09729224443435669], [0.4463566839694977, 0.5390691757202148, 0.12137898802757263], [0.40555572509765625, 0.5051770210266113, 0.14710134267807007], [0.3629592955112457, 0.4693737030029297, 0.17395558953285217], [0.3194444179534912, 0.4322916269302368, 0.2013888955116272], [0.2759295105934143, 0.39460489153862, 0.22882220149040222], [0.23333311080932617, 0.35699859261512756, 0.2556764483451843], [0.19253218173980713, 0.32013797760009766, 0.2813987731933594], [0.1543256640434265, 0.28463980555534363, 0.30548548698425293], [0.11940717697143555, 0.251050740480423, 0.3274994194507599], [0.08834832906723022, 0.2198326289653778, 0.34707990288734436], [0.06159418821334839, 0.19135671854019165, 0.36394667625427246], [0.03946542739868164, 0.16590380668640137, 0.3778974115848541], [0.0221707820892334, 0.143671452999115, 0.38880062103271484], [0.009820103645324707, 0.1247822642326355, 0.3965867757797241], [0.0024422407150268555, 0.10929632186889648, 0.4012380838394165], [0.0, 0.09722219407558441, 0.4027777910232544], [0.0, 0.0870593786239624, 0.4012381136417389], [0.0, 0.07734748721122742, 0.3965868353843689], [0.0, 0.06812398135662079, 0.38880062103271484], [0.0, 0.05942652001976967, 0.37789738178253174], [0.0, 0.0512918122112751, 0.36394670605659485], [0.0, 0.043753985315561295, 0.347079873085022], [0.0, 0.036842748522758484, 0.3274993896484375], [0.0, 0.030581220984458923, 0.3054855465888977], [0.0, 0.0249838475137949, 0.28139880299568176], [0.0, 0.02005435898900032, 0.2556764483451843], [0.0, 0.015784386545419693, 0.22882220149040222], [0.0, 0.01215277798473835, 0.2013888955116272], [0.0, 0.009125858545303345, 0.17395558953285217], [0.0, 0.00665881484746933, 0.14710132777690887], [0.0, 0.004697894677519798, 0.12137900292873383], [0.0, 0.003183232620358467, 0.09729230403900146], [0.0, 0.0020518265664577484, 0.0752783715724945], [0.0, 0.0012403950095176697, 0.055697888135910034], [0.0, 0.000687822699546814, 0.038831114768981934], [0.0, 0.0003369376063346863, 0.02488037943840027], [0.0, 0.00013586878776550293, 0.01397716999053955], [0.0, 3.8430094718933105e-05, 0.0061910152435302734], [0.0, 4.5746564865112305e-06, 0.0015397071838378906], [0.0, 0.0, 0.0]], "StartShape": [0.0, 0.0, 0.0], "ShapeKeys": ["1", "3", "2"]}}, "ShapeKeys": {"2": {"Object": "Cube", "Scale": {"x": 0.0, "z": 0.0, "y": 1.0}, "ImageFile": "Cube-2"}, "1": {"Object": "Cube", "Scale": {"x": 1.0000003576278687, "z": 1.0000005960464478, "y": 0.0}, "ImageFile": "Cube-1"}, "3": {"Object": "Cube", "Scale": {"x": 0.0, "z": 0.0, "y": 1.0}, "ImageFile": "Cube-3"}}}