{"ShapeKeyAnimations": {"Timeline": {"Framerate": 24, "Frames": [[0.9947523474693298, 0.09096788614988327, 0.20560669898986816, 0.8706041574478149], [0.978608250617981, 0.11403188109397888, 0.1973695605993271, 0.8570811748504639], [0.9512346386909485, 0.15221625566482544, 0.1837323009967804, 0.8341526985168457], [0.9128280282020569, 0.2042284458875656, 0.1651565134525299, 0.8019843101501465], [0.8643227219581604, 0.26753535866737366, 0.1425469070672989, 0.7613598704338074], [0.8075084686279297, 0.3383060097694397, 0.11727166175842285, 0.7137797474861145], [0.7449573874473572, 0.4116939902305603, 0.09106165170669556, 0.6613996028900146], [0.6797187328338623, 0.48246461153030396, 0.06578642129898071, 0.6067743897438049], [0.6148666739463806, 0.5457714796066284, 0.043176814913749695, 0.55247962474823], [0.5530742406845093, 0.5977838039398193, 0.0246010422706604, 0.5007544755935669], [0.4963585138320923, 0.6359681487083435, 0.010963737964630127, 0.45328807830810547], [0.44602862000465393, 0.6590321660041809, 0.002726614475250244, 0.4111766219139099], [0.4027777910232544, 0.6666666269302368, 0.0, 0.375], [0.36864253878593445, 0.6371603012084961, 0.0061728376895189285, 0.3475021421909332], [0.34328269958496094, 0.5502459406852722, 0.023559827357530594, 0.32879742980003357], [0.3188544809818268, 0.42843663692474365, 0.04588460549712181, 0.3103748559951782], [0.2850094139575958, 0.3136925995349884, 0.06327161192893982, 0.28128260374069214], [0.23643723130226135, 0.23683643341064453, 0.0694444477558136, 0.2361111044883728], [0.1501893252134323, 0.1963716745376587, 0.0668899267911911, 0.1513974666595459], [0.04340658336877823, 0.1811566948890686, 0.06061194837093353, 0.044012464582920074], [0.0, 0.17129360139369965, 0.0555555559694767, 0.0], [0.0, 0.15806563198566437, 0.052308112382888794, 0.0], [0.0, 0.1459220051765442, 0.0491197407245636, 0.0], [0.0, 0.13464146852493286, 0.04599921777844429, 0.0], [0.0, 0.1240827813744545, 0.042952217161655426, 0.0], [0.0, 0.11414974182844162, 0.039982881397008896, 0.0], [0.0, 0.10477377474308014, 0.03709452599287033, 0.0], [0.0, 0.09590434283018112, 0.03429000452160835, 0.0], [0.0, 0.08750337362289429, 0.03157196193933487, 0.0], [0.0, 0.07954174280166626, 0.028942923992872238, 0.0], [0.0, 0.07199696451425552, 0.026405414566397667, 0.0], [0.0, 0.06485162675380707, 0.02396199107170105, 0.0], [0.0, 0.05809237062931061, 0.02161528170108795, 0.0], [0.0, 0.051709067076444626, 0.019368045032024384, 0.0], [0.0, 0.04569423943758011, 0.017223164439201355, 0.0], [0.0, 0.040042705833911896, 0.015183691866695881, 0.0], [0.0, 0.034751251339912415, 0.013252859003841877, 0.0], [0.0, 0.029818393290042877, 0.011434116400778294, 0.0], [0.0, 0.025244226679205894, 0.009731123223900795, 0.0], [0.0, 0.021030299365520477, 0.008147809654474258, 0.0], [0.0, 0.01717950776219368, 0.006688367575407028, 0.0], [0.0, 0.0136960968375206, 0.005357304587960243, 0.0], [0.0, 0.010585609823465347, 0.0041594598442316055, 0.0], [0.0, 0.007854841649532318, 0.0031000450253486633, 0.0], [0.0, 0.00551195815205574, 0.0021846815943717957, 0.0], [0.0, 0.003566443920135498, 0.0014194361865520477, 0.0], [0.0, 0.002029217779636383, 0.0008108839392662048, 0.0], [0.0, 0.0009127408266067505, 0.00036616623401641846, 0.0], [0.0, 0.00023106485605239868, 9.305030107498169e-05, 0.0], [0.0, 0.0, 0.0, 0.0]], "StartShape": [0.9947523474693298, 0.09096788614988327, 0.20560669898986816, 0.8706041574478149], "ShapeKeys": ["Crunch Ring", "Squeeze Ropes", "Fold In", "Scale All"]}}, "ShapeKeys": {"Squeeze Ropes": {"Object": "Parachute", "Scale": {"x": 0.6478608846664429, "z": 0.6478607654571533, "y": 1.5893256488652696e-08}, "ImageFile": "Parachute-Squeeze Ropes"}, "Scale All": {"Object": "Parachute", "Scale": {"x": 1.095494031906128, "z": 1.0954939126968384, "y": 0.0}, "ImageFile": "Parachute-Scale All"}, "Fold In": {"Object": "Parachute", "Scale": {"x": 0.7798282504081726, "z": 0.7798282504081726, "y": 9.920952948050399e-10}, "ImageFile": "Parachute-Fold In"}, "Crunch Ring": {"Object": "Parachute", "Scale": {"x": 0.12373632192611694, "z": 0.12373632192611694, "y": 0.7741280198097229}, "ImageFile": "Parachute-Crunch Ring"}, "Squeeze down": {"Object": "Parachute", "Scale": {"x": 0.44604891538619995, "z": 0.44604891538619995, "y": 0.5379286408424377}, "ImageFile": "Parachute-Squeeze down"}}}